upload_file_id	upload_path	baseline_route_scope	baseline_block_ids	source_ids	source_pack_block_refs	authority_label_policy	upload_visibility	route_status	notes
UPKG-000	GPTs/upload_package/00_version_release_platform.md	release_patch_platform	KAE-BLOCK-000275;KAE-BLOCK-000276	SRC-000450;SRC-000451;SRC-000452	SRC-000450/BLOCK-000821;SRC-000451/BLOCK-000824;SRC-000452/BLOCK-000826	Korean authoritative; Altibase 8.1 verified source; English extraction aid	crosswalk_only_no_baseline_ids_in_upload	routed	Baseline blocks support English-normalized wording but remain outside upload Markdown.
UPKG-000	GPTs/upload_package/00_version_release_platform.md	admin_sql_property_version_boundary	KAE-BLOCK-000272;KAE-BLOCK-000273	SRC-000049;SRC-000056;SRC-000113;SRC-000120;SRC-000173;SRC-000180;SRC-000181;SRC-000194	SRC-000180/BLOCK-000519;SRC-000181/BLOCK-000525;SRC-000194/BLOCK-000888	Korean authoritative; Altibase 8.1 verified source; English extraction aid	crosswalk_only_no_baseline_ids_in_upload	routed	Baseline blocks support English-normalized wording but remain outside upload Markdown.
UPKG-001	GPTs/upload_package/01_getting_started_installation.md	installation_startup_core	KAE-BLOCK-000013;KAE-BLOCK-000148;KAE-BLOCK-000272;KAE-BLOCK-000276	SRC-000060;SRC-000124;SRC-000184;SRC-000049;SRC-000113;SRC-000173	SRC-000060/BLOCK-000529;SRC-000124/BLOCK-000533;SRC-000184/BLOCK-000537;SRC-000049/BLOCK-000002;SRC-000113/BLOCK-000004;SRC-000173/BLOCK-000006	Korean authoritative; Altibase 8.1 verified source; English extraction aid	crosswalk_only_no_baseline_ids_in_upload	routed	Baseline blocks support English-normalized wording but remain outside upload Markdown.
UPKG-001	GPTs/upload_package/01_getting_started_installation.md	validation_and_dictionary_route	KAE-BLOCK-000202;KAE-BLOCK-000223	SRC-000181;SRC-000194	SRC-000181/BLOCK-000525;SRC-000194/BLOCK-000888	Korean authoritative; Altibase 8.1 verified source; English extraction aid	crosswalk_only_no_baseline_ids_in_upload	routed	Baseline blocks support English-normalized wording but remain outside upload Markdown.
UPKG-002	GPTs/upload_package/02_administration_operations.md	admin_operations_core	KAE-BLOCK-000001;KAE-BLOCK-000136;KAE-BLOCK-000191;KAE-BLOCK-000272	SRC-000049;SRC-000113;SRC-000173	SRC-000049/BLOCK-000002;SRC-000113/BLOCK-000004;SRC-000173/BLOCK-000006	Korean authoritative; Altibase 8.1 verified source; English extraction aid	crosswalk_only_no_baseline_ids_in_upload	routed	Baseline blocks support English-normalized wording but remain outside upload Markdown.
UPKG-002	GPTs/upload_package/02_administration_operations.md	backup_recovery_sql_property	KAE-BLOCK-000273;KAE-BLOCK-000276;KAE-BLOCK-000202;KAE-BLOCK-000223	SRC-000056;SRC-000120;SRC-000180;SRC-000181;SRC-000194	SRC-000056/BLOCK-000515;SRC-000120/BLOCK-000517;SRC-000180/BLOCK-000519;SRC-000181/BLOCK-000525;SRC-000194/BLOCK-000888	Korean authoritative; Altibase 8.1 verified source; English extraction aid	crosswalk_only_no_baseline_ids_in_upload	routed	Baseline blocks support English-normalized wording but remain outside upload Markdown.
UPKG-003	GPTs/upload_package/03_sql_ddl_generation.md	sql_ddl_dcl_generation_core	KAE-BLOCK-000035;KAE-BLOCK-000039;KAE-BLOCK-000166;KAE-BLOCK-000171;KAE-BLOCK-000223;KAE-BLOCK-000272;KAE-BLOCK-000273	SRC-000072;SRC-000134;SRC-000180;SRC-000181;SRC-000194	SRC-000072/BLOCK-000884;SRC-000134/BLOCK-000886;SRC-000180/BLOCK-000519;SRC-000181/BLOCK-000525;SRC-000194/BLOCK-000888	Korean authoritative; Altibase 8.1 verified source; English extraction aid	crosswalk_only_no_baseline_ids_in_upload	routed	Baseline blocks support English-normalized wording but remain outside upload Markdown.
UPKG-003	GPTs/upload_package/03_sql_ddl_generation.md	admin_recovery_replication_generation	KAE-BLOCK-000001;KAE-BLOCK-000136;KAE-BLOCK-000148;KAE-BLOCK-000191;KAE-BLOCK-000202;KAE-BLOCK-000253;KAE-BLOCK-000275	SRC-000049;SRC-000113;SRC-000124;SRC-000173;SRC-000121;SRC-000132;SRC-000311;SRC-000321;SRC-000362;SRC-000452	SRC-000049/BLOCK-000002;SRC-000113/BLOCK-000004;SRC-000124/BLOCK-000533;SRC-000173/BLOCK-000006;SRC-000121/BLOCK-000523;SRC-000132/BLOCK-000847;SRC-000311/BLOCK-000620;SRC-000321/BLOCK-000648;SRC-000362/BLOCK-000715;SRC-000452/BLOCK-000826	Korean authoritative; Altibase 8.1 verified source; English extraction aid	crosswalk_only_no_baseline_ids_in_upload	routed	Baseline blocks support English-normalized wording but remain outside upload Markdown.
UPKG-004	GPTs/upload_package/04_sql_dml_oracle_compatibility.md	dml_oracle_sql_core	KAE-BLOCK-000035;KAE-BLOCK-000166;KAE-BLOCK-000201;KAE-BLOCK-000223;KAE-BLOCK-000272;KAE-BLOCK-000273	SRC-000072;SRC-000134;SRC-000180;SRC-000194	SRC-000072/BLOCK-000884;SRC-000134/BLOCK-000886;SRC-000180/BLOCK-000519;SRC-000194/BLOCK-000888	Korean authoritative; Altibase 8.1 verified source; English extraction aid	crosswalk_only_no_baseline_ids_in_upload	routed	Baseline blocks support English-normalized wording but remain outside upload Markdown.
UPKG-004	GPTs/upload_package/04_sql_dml_oracle_compatibility.md	oracle_json_property_release_boundaries	KAE-BLOCK-000145;KAE-BLOCK-000210;KAE-BLOCK-000253;KAE-BLOCK-000274;KAE-BLOCK-000275	SRC-000056;SRC-000120;SRC-000172;SRC-000452	SRC-000056/BLOCK-000515;SRC-000120/BLOCK-000517;SRC-000172/BLOCK-000574;SRC-000452/BLOCK-000826	Korean authoritative; Altibase 8.1 verified source; English extraction aid	crosswalk_only_no_baseline_ids_in_upload	routed	Baseline blocks support English-normalized wording but remain outside upload Markdown.
UPKG-005	GPTs/upload_package/05_data_types_properties.md	data_types_properties_core	KAE-BLOCK-000010;KAE-BLOCK-000145;KAE-BLOCK-000201;KAE-BLOCK-000272;KAE-BLOCK-000273	SRC-000056;SRC-000120;SRC-000180;SRC-000072;SRC-000134;SRC-000194	SRC-000056/BLOCK-000515;SRC-000120/BLOCK-000517;SRC-000180/BLOCK-000519;SRC-000072/BLOCK-000884;SRC-000134/BLOCK-000886;SRC-000194/BLOCK-000888	Korean authoritative; Altibase 8.1 verified source; English extraction aid	crosswalk_only_no_baseline_ids_in_upload	routed	Baseline blocks support English-normalized wording but remain outside upload Markdown.
UPKG-005	GPTs/upload_package/05_data_types_properties.md	property_dictionary_release_validation	KAE-BLOCK-000146;KAE-BLOCK-000202;KAE-BLOCK-000253;KAE-BLOCK-000274;KAE-BLOCK-000275	SRC-000057;SRC-000121;SRC-000181;SRC-000452	SRC-000057/BLOCK-000521;SRC-000121/BLOCK-000523;SRC-000181/BLOCK-000525;SRC-000452/BLOCK-000826	Korean authoritative; Altibase 8.1 verified source; English extraction aid	crosswalk_only_no_baseline_ids_in_upload	routed	Baseline blocks support English-normalized wording but remain outside upload Markdown.
UPKG-006	GPTs/upload_package/06_data_dictionary_performance_views.md	dictionary_views_core	KAE-BLOCK-000011;KAE-BLOCK-000146;KAE-BLOCK-000202;KAE-BLOCK-000273;KAE-BLOCK-000281;KAE-BLOCK-000282;KAE-BLOCK-000283	SRC-000057;SRC-000121;SRC-000181;SRC-000056;SRC-000120;SRC-000180	SRC-000057/BLOCK-000521;SRC-000121/BLOCK-000523;SRC-000181/BLOCK-000525;SRC-000056/BLOCK-000515;SRC-000120/BLOCK-000517;SRC-000180/BLOCK-000519	Korean authoritative; Altibase 8.1 verified source; English extraction aid	crosswalk_only_no_baseline_ids_in_upload	routed	Baseline blocks support English-normalized wording but remain outside upload Markdown.
UPKG-006	GPTs/upload_package/06_data_dictionary_performance_views.md	monitoring_performance_replication_validation	KAE-BLOCK-000020;KAE-BLOCK-000155;KAE-BLOCK-000156;KAE-BLOCK-000160;KAE-BLOCK-000206;KAE-BLOCK-000214;KAE-BLOCK-000253;KAE-BLOCK-000275;KAE-BLOCK-000280;KAE-BLOCK-000286;KAE-BLOCK-000287	SRC-000063;SRC-000127;SRC-000129;SRC-000133;SRC-000189;SRC-000199;SRC-000194;SRC-000132;SRC-000311;SRC-000321;SRC-000362;SRC-000376;SRC-000452	SRC-000063/BLOCK-000605;SRC-000127/BLOCK-000609;SRC-000129/BLOCK-000814;SRC-000133/BLOCK-000610;SRC-000189/BLOCK-000816;SRC-000199/BLOCK-000549;SRC-000194/BLOCK-000888;SRC-000132/BLOCK-000847;SRC-000311/BLOCK-000620;SRC-000321/BLOCK-000648;SRC-000362/BLOCK-000715;SRC-000376/BLOCK-000743;SRC-000452/BLOCK-000826	Korean authoritative; Altibase 8.1 verified source; English extraction aid	crosswalk_only_no_baseline_ids_in_upload	routed	Baseline blocks support English-normalized wording but remain outside upload Markdown.
UPKG-007	GPTs/upload_package/07_error_messages_troubleshooting.md	error_messages_troubleshooting	KAE-BLOCK-000144;KAE-BLOCK-000149;KAE-BLOCK-000170;KAE-BLOCK-000200;KAE-BLOCK-000273;KAE-BLOCK-000274;KAE-BLOCK-000001;KAE-BLOCK-000136;KAE-BLOCK-000148;KAE-BLOCK-000191;KAE-BLOCK-000202;KAE-BLOCK-000223;KAE-BLOCK-000272	SRC-000054;SRC-000023;SRC-000118;SRC-000087;SRC-000178;SRC-000148;SRC-000107;SRC-000106;SRC-000138;SRC-000137;SRC-000049;SRC-000113;SRC-000124;SRC-000173;SRC-000181;SRC-000194	SRC-000054/BLOCK-000509;SRC-000023/BLOCK-000508;SRC-000118/BLOCK-000511;SRC-000087/BLOCK-000510;SRC-000178/BLOCK-000513;SRC-000148/BLOCK-000512;SRC-000107/BLOCK-000542;SRC-000106/BLOCK-000928;SRC-000138/BLOCK-000544;SRC-000137/BLOCK-000929;SRC-000049/BLOCK-000002;SRC-000113/BLOCK-000004;SRC-000124/BLOCK-000533;SRC-000173/BLOCK-000006;SRC-000181/BLOCK-000525;SRC-000194/BLOCK-000888	Korean authoritative; English extraction aid; Korean authoritative; Altibase 8.1 verified source; English extraction aid; Altibase 8.1 verified source	crosswalk_only_no_baseline_ids_in_upload	routed	Baseline blocks support English-normalized wording and guardrails but remain outside upload Markdown.
UPKG-008	GPTs/upload_package/08_performance_tuning_monitoring.md	performance_tuning_monitoring	KAE-BLOCK-000145;KAE-BLOCK-000146;KAE-BLOCK-000201;KAE-BLOCK-000202;KAE-BLOCK-000253;KAE-BLOCK-000272;KAE-BLOCK-000273;KAE-BLOCK-000274;KAE-BLOCK-000275;KAE-BLOCK-000010;KAE-BLOCK-000011;KAE-BLOCK-000020;KAE-BLOCK-000115;KAE-BLOCK-000155;KAE-BLOCK-000156;KAE-BLOCK-000160;KAE-BLOCK-000206;KAE-BLOCK-000214;KAE-BLOCK-000281;KAE-BLOCK-000282;KAE-BLOCK-000283	SRC-000067;SRC-000129;SRC-000189;SRC-000056;SRC-000120;SRC-000180;SRC-000057;SRC-000121;SRC-000181;SRC-000063;SRC-000127;SRC-000187;SRC-000071;SRC-000133;SRC-000193;SRC-000199;SRC-000376;SRC-000452	SRC-000067/BLOCK-000812;SRC-000129/BLOCK-000814;SRC-000189/BLOCK-000816;SRC-000056/BLOCK-000515;SRC-000120/BLOCK-000517;SRC-000180/BLOCK-000519;SRC-000057/BLOCK-000521;SRC-000121/BLOCK-000523;SRC-000181/BLOCK-000525;SRC-000063/BLOCK-000605;SRC-000127/BLOCK-000609;SRC-000187/BLOCK-000613;SRC-000071/BLOCK-000606;SRC-000133/BLOCK-000610;SRC-000193/BLOCK-000614;SRC-000199/BLOCK-000549;SRC-000376/BLOCK-000743;SRC-000452/BLOCK-000826	Korean authoritative; Korean authoritative; Altibase 8.1 verified source	crosswalk_only_no_baseline_ids_in_upload	routed	Baseline blocks support English-normalized wording and guardrails but remain outside upload Markdown.
UPKG-009	GPTs/upload_package/09_replication_ha_cdc.md	replication_ha,_cdc	KAE-BLOCK-000145;KAE-BLOCK-000146;KAE-BLOCK-000201;KAE-BLOCK-000202;KAE-BLOCK-000253;KAE-BLOCK-000272;KAE-BLOCK-000273;KAE-BLOCK-000274;KAE-BLOCK-000275;KAE-BLOCK-000041;KAE-BLOCK-000060;KAE-BLOCK-000101;KAE-BLOCK-000162;KAE-BLOCK-000030;KAE-BLOCK-000153;KAE-BLOCK-000217;KAE-BLOCK-000218;KAE-BLOCK-000236;KAE-BLOCK-000241;KAE-BLOCK-000242;KAE-BLOCK-000269;KAE-BLOCK-000280;KAE-BLOCK-000286	SRC-000070;SRC-000132;SRC-000192;SRC-000062;SRC-000126;SRC-000186;SRC-000120;SRC-000121;SRC-000180;SRC-000181;SRC-000051;SRC-000175;SRC-000211;SRC-000466;SRC-000311;SRC-000321;SRC-000362;SRC-000452;SRC-000474;SRC-000475	SRC-000070/BLOCK-000845;SRC-000132/BLOCK-000847;SRC-000192/BLOCK-000849;SRC-000062/BLOCK-000564;SRC-000126/BLOCK-000566;SRC-000186/BLOCK-000568;SRC-000120/BLOCK-000517;SRC-000121/BLOCK-000523;SRC-000180/BLOCK-000519;SRC-000181/BLOCK-000525;SRC-000051/BLOCK-000851;SRC-000175/BLOCK-000855;SRC-000211/BLOCK-000843;SRC-000466/BLOCK-000841;SRC-000311/BLOCK-000620;SRC-000321/BLOCK-000648;SRC-000362/BLOCK-000715;SRC-000452/BLOCK-000826;SRC-000474/BLOCK-000909;SRC-000475/BLOCK-000910	Korean authoritative; Korean authoritative; Altibase 8.1 verified source	crosswalk_only_no_baseline_ids_in_upload	routed	Baseline blocks support English-normalized wording and guardrails but remain outside upload Markdown.
UPKG-018	GPTs/upload_package/18_security_ssl_tls.md	security_ssl_tls	KAE-BLOCK-000145;KAE-BLOCK-000146;KAE-BLOCK-000201;KAE-BLOCK-000202;KAE-BLOCK-000253;KAE-BLOCK-000272;KAE-BLOCK-000273;KAE-BLOCK-000274;KAE-BLOCK-000275;KAE-BLOCK-000030;KAE-BLOCK-000153;KAE-BLOCK-000162;KAE-BLOCK-000217;KAE-BLOCK-000218;KAE-BLOCK-000236;KAE-BLOCK-000241;KAE-BLOCK-000242;KAE-BLOCK-000269;KAE-BLOCK-000280;KAE-BLOCK-000286	SRC-000051;SRC-000115;SRC-000175;SRC-000120;SRC-000121;SRC-000180;SRC-000181;SRC-000132;SRC-000192;SRC-000126;SRC-000211;SRC-000466;SRC-000452;SRC-000474;SRC-000475	SRC-000051/BLOCK-000851;SRC-000115/BLOCK-000853;SRC-000175/BLOCK-000855;SRC-000120/BLOCK-000517;SRC-000121/BLOCK-000523;SRC-000180/BLOCK-000519;SRC-000181/BLOCK-000525;SRC-000132/BLOCK-000847;SRC-000192/BLOCK-000849;SRC-000126/BLOCK-000566;SRC-000211/BLOCK-000843;SRC-000466/BLOCK-000841;SRC-000452/BLOCK-000826;SRC-000474/BLOCK-000909;SRC-000475/BLOCK-000910	Korean authoritative; Korean authoritative; Altibase 8.1 verified source	crosswalk_only_no_baseline_ids_in_upload	routed	Baseline blocks support English-normalized wording and guardrails but remain outside upload Markdown.
