scope_row_id	source_inventory_job_group	owning_stage3_job	priority	question_ids	exact_tokens	critical_fact_ids_or_notes	target_attachments	source_ids_or_route_requirement	source_pack_block_ids_where_known	korean_aligned_baseline_block_ids_where_known	stage2_playbook_ids	protected_topic_flag	expected_disposition	current_status	validation_notes
S3-SCOPE-001	J004	S3-J003	P0	PROP-105;PROP-112;PROP-130;PROP-131;PROP-132;PROP-134;PROP-148;PROP-103;PROP-107;PROP-146;PROP-147;PROP-149	STOREDCOUNT;VALUE8;1000;CHECKPOINT_INTERVAL_IN_SEC;CHECKPOINT_INTERVAL_IN_LOG;write();fallocate();4000;$ALTIBASE_HOME/logs;altibase_sm.log	Question-specific missed critical facts in failed inventory; priority fact checks include PROP-105:F01-F03, PROP-112:F01-F04, PROP-130:F02-F04, PROP-131:F02-F04, PROP-132:F01-F03, PROP-134:F01-F04, PROP-148:F01-F04	GPTs/attachments/05_data_types_properties.md;GPTs/attachments/00_version_release_platform.md;GPTs/attachments/01_getting_started_installation.md;GPTs/attachments/02_administration_operations.md;GPTs/attachments/06_data_dictionary_performance_views.md	SRC-000056;SRC-000120;SRC-000121;SRC-000180;SRC-000181;SRC-000452	SRC-000056/BLOCK-000515;SRC-000120/BLOCK-000517;SRC-000121/BLOCK-000523;SRC-000180/BLOCK-000519;SRC-000181/BLOCK-000525;SRC-000452/BLOCK-000826	KAE-BLOCK-000010;KAE-BLOCK-000145;KAE-BLOCK-000146;KAE-BLOCK-000201;KAE-BLOCK-000202;KAE-BLOCK-000253;KAE-BLOCK-000272;KAE-BLOCK-000273;KAE-BLOCK-000274;KAE-BLOCK-000275	APB-000004;APB-000016;APB-000017	yes	attachment_update	done	S3-J003 opened the listed source routes and strengthened answer-ready item blocks for LOGANCHOR_DIR, MAX_CLIENT with JOB_THREAD_COUNT, ARCHIVE_FULL_ACTION, CHECKPOINT_ENABLED, CHECKPOINT_INTERVAL_IN_LOG, LOG_CREATE_METHOD, GROUP_CONCAT_PRECISION, LISTAGG_PRECISION, PSM_CASE_SENSITIVE_MODE, REGEXP_MODE, and V$PROPERTY checks. Validation uses completed-row exact-token checks in validate_attachments.py plus the required targeted exact-token rg check.
S3-SCOPE-002	J005	S3-J004	P0	PROP-104;PROP-108;PROP-109;PROP-110;PROP-111;PROP-117;PROP-133;PROP-144	10M;ULONG MAX;4096;2097152;2^31;2^32 + 1;16777216;2147483648;STOREDCOUNT;VALUE8;2G;2^64	Question-specific missed critical facts in failed inventory; priority fact checks include PROP-108:F01-F04, PROP-109:F01-F03, PROP-110:F02-F04, PROP-111:F03-F04, PROP-117:F01-F04, PROP-133:F01/F04, PROP-144:F02	GPTs/attachments/05_data_types_properties.md;GPTs/attachments/00_version_release_platform.md;GPTs/attachments/02_administration_operations.md;GPTs/attachments/08_performance_tuning_monitoring.md	SRC-000120;SRC-000121;SRC-000180;SRC-000181;SRC-000452	SRC-000120/BLOCK-000517;SRC-000121/BLOCK-000523;SRC-000180/BLOCK-000519;SRC-000181/BLOCK-000525;SRC-000452/BLOCK-000826	KAE-BLOCK-000145;KAE-BLOCK-000146;KAE-BLOCK-000201;KAE-BLOCK-000202;KAE-BLOCK-000253;KAE-BLOCK-000272;KAE-BLOCK-000273;KAE-BLOCK-000274;KAE-BLOCK-000275	APB-000004;APB-000005;APB-000016;APB-000017	yes	attachment_update	done	S3-J004 strengthened answer-ready capacity blocks and routing anchors for MEM_DB_DIR, MEM_MAX_DB_SIZE, DISK_MAX_DB_SIZE, VOLATILE_MAX_DB_SIZE, IN ROW defaults, RESULT_CACHE_MEMORY_MAXIMUM, FAST_START_LOGFILE_TARGET, and MEMORY_TEMPLOB_MAX_ALLOC_SIZE. No attachment schema or architecture change; validation uses completed-row exact-token checks plus targeted rg checks.
S3-SCOPE-003	J006	S3-J005	P0	PROP-101;PROP-115;PROP-120;PROP-122;PROP-124;PROP-126;PROP-127;PROP-128;PROP-129;PROP-150;PROP-116;PROP-125;PROP-143;PROP-102	environment variable;NNF;1000MB;inplace update;NLS_TERRITORY;'.,';ALTER SESSION SET AUTOCOMMIT = FALSE;ALTER SYSTEM;ALTER SESSION;V$PROPERTY	Question-specific missed critical facts in failed inventory; priority fact checks include PROP-101:F01/F03, PROP-120:F01-F04, PROP-122:F02-F05, PROP-124:F01-F04, PROP-126:F01/F02/F04/F05, PROP-129 transaction/autocommit scope facts	GPTs/attachments/05_data_types_properties.md;GPTs/attachments/08_performance_tuning_monitoring.md;GPTs/attachments/06_data_dictionary_performance_views.md	SRC-000056;SRC-000057;SRC-000120;SRC-000121;SRC-000180;SRC-000181;SRC-000452	SRC-000056/BLOCK-000515;SRC-000057/BLOCK-000521;SRC-000120/BLOCK-000517;SRC-000121/BLOCK-000523;SRC-000180/BLOCK-000519;SRC-000181/BLOCK-000525;SRC-000452/BLOCK-000826	KAE-BLOCK-000010;KAE-BLOCK-000011;KAE-BLOCK-000145;KAE-BLOCK-000146;KAE-BLOCK-000201;KAE-BLOCK-000202;KAE-BLOCK-000253;KAE-BLOCK-000272;KAE-BLOCK-000273;KAE-BLOCK-000274;KAE-BLOCK-000275	APB-000004;APB-000005;APB-000015;APB-000017	yes	attachment_update	done	S3-J005 strengthened retrieval anchors and source-backed answer/check blocks for environment-variable precedence, NORMALFORM_MAXIMUM/NNF, LOCK_ESCALATION_MEMORY_SIZE/inplace update, NLS_TERRITORY and NLS_NUMERIC_CHARACTERS, timeout properties, AUTO_COMMIT, ALTER SESSION SET AUTOCOMMIT = FALSE, V$PROPERTY, and V$SESSION runtime verification. No attachment schema or architecture change.
S3-SCOPE-004	J007	S3-J006	P0	PROP-137;PROP-138;PROP-140;PROP-141;PROP-142;PROP-118;PROP-135;PROP-136;PROP-139;PROP-113	DENY;PERMIT;V$ACCESS_LIST;ACCESS_LIST_FILE;Handshaking;PORT_NO;V$PROPERTY;Replication Manual;Lazy	Question-specific missed critical facts in failed inventory; priority fact check PROP-135:F03 says the property is read-only and single-value; also check PROP-140/PROP-141 TLS facts and PROP-142 access-list facts	GPTs/attachments/05_data_types_properties.md;GPTs/attachments/09_replication_ha_cdc.md;GPTs/attachments/18_security_ssl_tls.md	SRC-000120;SRC-000121;SRC-000180;SRC-000181;SRC-000452	SRC-000120/BLOCK-000517;SRC-000121/BLOCK-000523;SRC-000180/BLOCK-000519;SRC-000181/BLOCK-000525;SRC-000452/BLOCK-000826	KAE-BLOCK-000145;KAE-BLOCK-000146;KAE-BLOCK-000201;KAE-BLOCK-000202;KAE-BLOCK-000253;KAE-BLOCK-000272;KAE-BLOCK-000273;KAE-BLOCK-000274;KAE-BLOCK-000275	APB-000004;APB-000007;APB-000008;APB-000017	yes	attachment_update	done	S3-J006 opened the listed source routes and strengthened answer-ready property, replication, and TLS/security routing for DENY, PERMIT, V$ACCESS_LIST, ACCESS_LIST_FILE, Handshaking, PORT_NO, V$PROPERTY, Replication Manual, Lazy, read-only/single-value replication ports, SQL Apply Mode, SSL/TLS port separation, account-security properties, reload behavior, and missing-input prompts. No attachment schema or architecture change.
S3-SCOPE-005	J008	S3-J007	P0	SQL-105;SQL-114;SQL-129;SQL-140;SQL-101;SQL-102;SQL-103;SQL-104;SQL-106;SQL-108;SQL-109;SQL-110;SQL-111;SQL-113;SQL-117;SQL-121;SQL-122;SQL-124;SQL-145;SQL-107;SQL-112	CREATE VOLATILE TABLESPACE;CREATE DISK TABLESPACE;ALTER TABLE ADD PARTITION;LOB(column_name);table_compression_clause;CREATE INDEX;CREATE SEQUENCE;NON-AUTOCOMMIT;multiple_update;8-byte;alias;join condition	Question-specific missed critical facts in failed inventory; priority checks include SQL-103/SQL-104 tablespace facts, SQL-108 partition facts, SQL-110 compression/alias facts, SQL-111 LOB storage facts, SQL-114 replication-state/destructive guardrails	GPTs/attachments/03_sql_ddl_generation.md;GPTs/attachments/02_administration_operations.md;GPTs/attachments/05_data_types_properties.md	SRC-000072;SRC-000134;SRC-000180;SRC-000194;SRC-000450;SRC-000451;SRC-000452	SRC-000072/BLOCK-000884;SRC-000134/BLOCK-000886;SRC-000180/BLOCK-000519;SRC-000194/BLOCK-000888;SRC-000450/BLOCK-000821;SRC-000451/BLOCK-000824;SRC-000452/BLOCK-000826	KAE-BLOCK-000035;KAE-BLOCK-000039;KAE-BLOCK-000166;KAE-BLOCK-000171;KAE-BLOCK-000201;KAE-BLOCK-000223;KAE-BLOCK-000253;KAE-BLOCK-000272;KAE-BLOCK-000273;KAE-BLOCK-000274;KAE-BLOCK-000275	APB-000002;APB-000016;APB-000017	yes	attachment_update	planned	DDL changes must include privileges, destructive cautions, generated SQL examples, validation SQL, and rollback/stop conditions.
S3-SCOPE-006	J009	S3-J008	P0	SQL-141;SQL-115;SQL-118;SQL-120;SQL-123;SQL-125;SQL-130;SQL-131;SQL-132;SQL-133;SQL-134;SQL-135;SQL-136;SQL-137;SQL-138;SQL-139;SQL-142;SQL-143;SQL-144;SQL-116;SQL-119;SQL-126	DECODE;arg1;expr1;0-9;A-Z;a-z;D$;X$;POSIX Basic Regular Expression;replace_string;replication_host_ip;replication_host_port_no;2,147,483,648;ISO/IEC 19075-6(2021);Anti Join;Semi Join;no_rows_insert_clause	High-value content facts: SQL-137:F01 DECODE syntax and SQL-142:F04 unquoted-name character rules; also check SQL-141 replication host literal facts and SQL-130 JSON/data type standard facts	GPTs/attachments/04_sql_dml_oracle_compatibility.md;GPTs/attachments/05_data_types_properties.md;GPTs/attachments/15_migration_oracle_compatibility.md	SRC-000072;SRC-000120;SRC-000134;SRC-000172;SRC-000180;SRC-000194;SRC-000452	SRC-000072/BLOCK-000884;SRC-000120/BLOCK-000517;SRC-000134/BLOCK-000886;SRC-000172/BLOCK-000574;SRC-000180/BLOCK-000519;SRC-000194/BLOCK-000888;SRC-000452/BLOCK-000826	KAE-BLOCK-000035;KAE-BLOCK-000145;KAE-BLOCK-000166;KAE-BLOCK-000201;KAE-BLOCK-000210;KAE-BLOCK-000223;KAE-BLOCK-000253;KAE-BLOCK-000272;KAE-BLOCK-000273;KAE-BLOCK-000274;KAE-BLOCK-000275	APB-000003;APB-000015;APB-000017	yes	attachment_update	planned	Preserve exact syntax and Oracle-difference boundaries; do not infer generic Oracle or ANSI behavior where Altibase-specific syntax is required.
S3-SCOPE-007	J010	S3-J009	P0	ERR-104;ERR-110;ERR-113;ERR-120;ERR-122;ERR-127;ERR-128;ERR-130;ERR-103;ERR-106;ERR-107;ERR-108;ERR-112;ERR-114;ERR-115;ERR-116;ERR-117;ERR-119;ERR-121;ERR-124;ERR-125;ERR-101;ERR-102;ERR-105;ERR-109;ERR-111;ERR-118;ERR-123;ERR-129	0x31010;0x31011;0x31012;0x31013;0x31014;0x31017;0x4102E;0x0001F;0x311B1;0x31293;0x4107C;ERR-00015;long-term lock;deadlock;Unable to bind the INET socket	High-value content fact ERR-116:F01 covers the not-found family with 0x31010 through 0x31017; also check protected backup/destructive/replication/TLS error facts by question ID	GPTs/attachments/07_error_messages_troubleshooting.md;GPTs/attachments/13_isql_iloader_basic_tools.md;GPTs/attachments/14_utilities_operation_tools.md	SRC-000087;SRC-000106;SRC-000107;SRC-000118;SRC-000137;SRC-000138;SRC-000178	SRC-000087/BLOCK-000510;SRC-000106/BLOCK-000928;SRC-000107/BLOCK-000542;SRC-000118/BLOCK-000511;SRC-000137/BLOCK-000929;SRC-000138/BLOCK-000544;SRC-000178/BLOCK-000513	KAE-BLOCK-000144;KAE-BLOCK-000149;KAE-BLOCK-000170;KAE-BLOCK-000200;KAE-BLOCK-000273;KAE-BLOCK-000274	APB-000013;APB-000017	yes	attachment_update	planned	Troubleshooting blocks must preserve exact code/symbol/message, cause/action, first checks, log/path inputs, and escalation stop points.
S3-SCOPE-008	J011	S3-J010	P1	OPS-102;OPS-105;OPS-126;OPS-128;OPS-130;OPS-131;OPS-101;OPS-107;OPS-108	PRE-PROCESS;PRE_PROCESS;DB_NAME;LOGANCHOR_DIR;LOG_DIR;SERVER_MSGLOG_DIR;GNU glibc 2.12 ~ 2.33;DOWNGRADE;$ALTIBASE_HOME/trc/altibase_qp.log;CREATE USER system privilege	Question-specific missed critical facts in failed inventory; priority checks include OPS-105 file/path creation facts, OPS-128 platform facts, OPS-130 phase/downgrade log facts, and OPS-108 privilege/source wording	GPTs/attachments/01_getting_started_installation.md;GPTs/attachments/02_administration_operations.md;GPTs/attachments/13_isql_iloader_basic_tools.md	SRC-000049;SRC-000060;SRC-000113;SRC-000124;SRC-000173;SRC-000181;SRC-000194	SRC-000049/BLOCK-000002;SRC-000060/BLOCK-000529;SRC-000113/BLOCK-000004;SRC-000124/BLOCK-000533;SRC-000173/BLOCK-000006;SRC-000181/BLOCK-000525;SRC-000194/BLOCK-000888	KAE-BLOCK-000001;KAE-BLOCK-000013;KAE-BLOCK-000136;KAE-BLOCK-000148;KAE-BLOCK-000191;KAE-BLOCK-000202;KAE-BLOCK-000223;KAE-BLOCK-000272;KAE-BLOCK-000273	APB-000001;APB-000011;APB-000016;APB-000017	no	attachment_update	planned	Runbooks should include prerequisites, commands, expected states, validation SQL, safe defaults, and missing-input prompts for install/startup/account work.
S3-SCOPE-009	J012	S3-J011	P0	OPS-103;OPS-104;OPS-111;OPS-112;OPS-113;OPS-114;OPS-116;OPS-117;OPS-118;OPS-123;OPS-124;OPS-125;OPS-127;OPS-129;OPS-133;OPS-134;OPS-109;OPS-110;OPS-115;OPS-119;OPS-121;OPS-122;OPS-135	ALTER DATABASE db_name META RESETLOGS;ALTER DATABASE dbname SERVICE;Database-Level Backup Completed [SUCCESS];CREATE_LSN_FILENO;SYS_TBS_DISK_TEMP;$ALTIBASE_HOME/dbs1;t1.fmt;t1.dat;current loganchor;backup-time metadata;DROP DATAFILE;BEGIN BACKUP;END BACKUP	Question-specific missed critical facts in failed inventory; priority checks include OPS-117 RESETLOGS facts, OPS-118 loganchor facts, OPS-125 service transition/datafile facts, OPS-127 backup success output, OPS-134 backup metadata facts	GPTs/attachments/02_administration_operations.md;GPTs/attachments/03_sql_ddl_generation.md;GPTs/attachments/07_error_messages_troubleshooting.md	SRC-000049;SRC-000113;SRC-000124;SRC-000173;SRC-000181;SRC-000194	SRC-000049/BLOCK-000002;SRC-000113/BLOCK-000004;SRC-000124/BLOCK-000533;SRC-000173/BLOCK-000006;SRC-000181/BLOCK-000525;SRC-000194/BLOCK-000888	KAE-BLOCK-000001;KAE-BLOCK-000136;KAE-BLOCK-000148;KAE-BLOCK-000191;KAE-BLOCK-000202;KAE-BLOCK-000223;KAE-BLOCK-000272;KAE-BLOCK-000273	APB-000006;APB-000016;APB-000017	yes	attachment_update	planned	Protected operations must include preconditions, backup/recovery stop points, commands, validation SQL, escalation inputs, cleanup, and rollback notes.
S3-SCOPE-010	J013	S3-J012	P0	REPL-102;REPL-103;REPL-104;REPL-126;REPL-127;REPL-129;REPL-108;REPL-109;REPL-101;REPL-106;REPL-107	ACT_REPL_MODE;START_FLAG;NET_ERROR_FLAG;Replication Gap;Master-Slave Scheme;User-Oriented Scheme;BUG-45946;ERR-61186;Different replication protocols;restartXSN;XSN;7.4.4;7.4.5	Question-specific missed critical facts in failed inventory; priority checks include REPL-102 mode/gap facts, REPL-103 topology facts, REPL-126/REPL-127 protocol and patch facts, REPL-129 restartXSN/destructive facts	GPTs/attachments/09_replication_ha_cdc.md;GPTs/attachments/03_sql_ddl_generation.md;GPTs/attachments/06_data_dictionary_performance_views.md	SRC-000121;SRC-000132;SRC-000311;SRC-000321;SRC-000362	SRC-000121/BLOCK-000523;SRC-000132/BLOCK-000847;SRC-000311/BLOCK-000620;SRC-000321/BLOCK-000648;SRC-000362/BLOCK-000715	KAE-BLOCK-000041;KAE-BLOCK-000060;KAE-BLOCK-000101;KAE-BLOCK-000146;KAE-BLOCK-000162;KAE-BLOCK-000272;KAE-BLOCK-000273;KAE-BLOCK-000275	APB-000002;APB-000005;APB-000007;APB-000017	yes	attachment_update	planned	Replication topology/state edits must preserve topology, exact DDL/control SQL, compatibility checks, unsafe-operation guardrails, and missing topology/runtime inputs.
S3-SCOPE-011	J014	S3-J013	P0	REPL-110;REPL-113;REPL-114;REPL-115;REPL-116;REPL-117;REPL-118;REPL-124;REPL-128;REPL-121;REPL-123;REPL-130;REPL-105;REPL-111;REPL-112;REPL-122	ALA_FAILURE;Autocommit;v$repreceiver;sendq;recvq;tcpdump;wireshark;TCP Dup ACK;August 31, 2023;BUG-50573;ReplicationManager_1.4.0-linux.gtk.x86.zip;ReplicationManager_1.4.0-win32.win32.x86.zip;Unsigned Integer;single value	Question-specific missed critical facts in failed inventory; priority checks include REPL-115 CDC/ALA failure facts, REPL-118 network diagnostic facts, REPL-124 TLS facts, REPL-128 Replication Manager patch/package facts	GPTs/attachments/09_replication_ha_cdc.md;GPTs/attachments/16_dblink_external_connectors.md;GPTs/attachments/18_security_ssl_tls.md	SRC-000051;SRC-000126;SRC-000132;SRC-000175;SRC-000180;SRC-000192;SRC-000211;SRC-000452;SRC-000466;SRC-000474;SRC-000475	SRC-000051/BLOCK-000851;SRC-000126/BLOCK-000566;SRC-000132/BLOCK-000847;SRC-000175/BLOCK-000855;SRC-000180/BLOCK-000519;SRC-000192/BLOCK-000849;SRC-000211/BLOCK-000843;SRC-000452/BLOCK-000826;SRC-000466/BLOCK-000841;SRC-000474/BLOCK-000909;SRC-000475/BLOCK-000910	KAE-BLOCK-000030;KAE-BLOCK-000153;KAE-BLOCK-000162;KAE-BLOCK-000201;KAE-BLOCK-000217;KAE-BLOCK-000218;KAE-BLOCK-000236;KAE-BLOCK-000241;KAE-BLOCK-000242;KAE-BLOCK-000253;KAE-BLOCK-000269;KAE-BLOCK-000272;KAE-BLOCK-000273;KAE-BLOCK-000274;KAE-BLOCK-000275;KAE-BLOCK-000280;KAE-BLOCK-000286	APB-000007;APB-000008;APB-000012;APB-000017	yes	attachment_update	planned	Distinguish CDC, Log Analyzer, Replication Manager, replication SSL, ordinary TLS, certificates, ports, and network diagnostics before adding answer blocks.
S3-SCOPE-012	J015	S3-J014	P0	VPM-114;VPM-125;VPM-101;VPM-102;VPM-103;VPM-105;VPM-106;VPM-108;VPM-109;VPM-111;VPM-115;VPM-116;VPM-118;VPM-119;VPM-120;VPM-122;VPM-123;VPM-124;VPM-127;VPM-129;VPM-130;VPM-104;VPM-107;VPM-110;VPM-112;VPM-117;VPM-121	PARTITION_MAX_VALUE;PARTITION_MIN_VALUE;PARTITION_ORDER;PARTITION_USABLE;SERVER SHUTDOWN;SERVER STARTED;GC_ALREADY_SYNC_COUNT;UPDATE_TX_COUNT;FIXED KEY RANGE;VARIABLE KEY RANGE;full table scan;/*+ hint */;7.1.0.7.9;That had return update result;Unix Domain Socket;Altibase 5.5.1;B-TREE;R-TREE	Question-specific missed critical facts in failed inventory; priority checks include VPM-106 partition-view facts, VPM-108 wait/lock/session facts, VPM-115 optimizer pipeline facts, VPM-116 plan facts, VPM-118 key range facts, VPM-130 version-sensitive view facts	GPTs/attachments/06_data_dictionary_performance_views.md;GPTs/attachments/08_performance_tuning_monitoring.md	SRC-000063;SRC-000121;SRC-000127;SRC-000129;SRC-000133;SRC-000181;SRC-000189;SRC-000199;SRC-000376;SRC-000452	SRC-000063/BLOCK-000605;SRC-000121/BLOCK-000523;SRC-000127/BLOCK-000609;SRC-000129/BLOCK-000814;SRC-000133/BLOCK-000610;SRC-000181/BLOCK-000525;SRC-000189/BLOCK-000816;SRC-000199/BLOCK-000549;SRC-000376/BLOCK-000743;SRC-000452/BLOCK-000826	KAE-BLOCK-000020;KAE-BLOCK-000115;KAE-BLOCK-000146;KAE-BLOCK-000155;KAE-BLOCK-000156;KAE-BLOCK-000160;KAE-BLOCK-000202;KAE-BLOCK-000206;KAE-BLOCK-000214;KAE-BLOCK-000253;KAE-BLOCK-000273;KAE-BLOCK-000274;KAE-BLOCK-000275;KAE-BLOCK-000281;KAE-BLOCK-000282;KAE-BLOCK-000283	APB-000005;APB-000013;APB-000017	yes	attachment_update	planned	View/performance blocks must preserve exact view and column names, check SQL, interpretation notes, and patch-sensitive column guardrails.
S3-SCOPE-013	J016	S3-J015	P1	TOOL-001;TOOL-004;TOOL-005;TOOL-017;TOOL-018;TOOL-020;TOOL-022;TOOL-024;TOOL-025;TOOL-028;TOOL-031;TOOL-033;TOOL-034;TOOL-035;TOOL-036;TOOL-039;TOOL-045;TOOL-049;TOOL-002;TOOL-003;TOOL-006;TOOL-007;TOOL-012;TOOL-019;TOOL-023;TOOL-027;TOOL-030;TOOL-037;TOOL-038	SPOOL filename;sqlerrm.sqlerrmc;sqlerrm.sqlerrml;sqlwarn;test.log;test.bad;0x4102E;ERR-00015;CREATE FUNCTION;CREATE PROCEDURE;CREATE LIBRARY;END;employees.fmt;employees.dat;Oracle Database 10gR2	Question-specific missed critical facts in failed inventory; priority checks include TOOL-022 precompiler diagnostics facts, TOOL-025 spool facts, TOOL-028 iLoader result-file facts, TOOL-036 dataCompJ error facts, TOOL-037 Oracle adapter version facts	GPTs/attachments/10_psm_stored_external_procedures.md;GPTs/attachments/12_c_cli_odbc_precompiler.md;GPTs/attachments/13_isql_iloader_basic_tools.md;GPTs/attachments/14_utilities_operation_tools.md	SRC-000010;SRC-000013;SRC-000174;SRC-000176;SRC-000179;SRC-000183;SRC-000185;SRC-000188;SRC-000190;SRC-000196;SRC-000197;SRC-000198;SRC-000199;SRC-000223;SRC-000227;SRC-000451;SRC-000462;SRC-000471	SRC-000010/BLOCK-000921;SRC-000013/BLOCK-000924;SRC-000174/BLOCK-000488;SRC-000176/BLOCK-000489;SRC-000179/BLOCK-000906;SRC-000183/BLOCK-000503;SRC-000185/BLOCK-000561;SRC-000188/BLOCK-000490;SRC-000190/BLOCK-000491;SRC-000196/BLOCK-000907;SRC-000197/BLOCK-000931;SRC-000198/BLOCK-000548;SRC-000199/BLOCK-000549;SRC-000223/BLOCK-000576;SRC-000227/BLOCK-000935;SRC-000451/BLOCK-000824;SRC-000462/BLOCK-000596;SRC-000471/BLOCK-000937	KAE-BLOCK-000171;KAE-BLOCK-000193;KAE-BLOCK-000194;KAE-BLOCK-000195;KAE-BLOCK-000196;KAE-BLOCK-000198;KAE-BLOCK-000205;KAE-BLOCK-000206;KAE-BLOCK-000208;KAE-BLOCK-000211;KAE-BLOCK-000224;KAE-BLOCK-000225;KAE-BLOCK-000227;KAE-BLOCK-000229;KAE-BLOCK-000246;KAE-BLOCK-000248;KAE-BLOCK-000263;KAE-BLOCK-000271;KAE-BLOCK-000274;KAE-BLOCK-000275;KAE-BLOCK-000277;KAE-BLOCK-000278	APB-000009;APB-000011;APB-000017	no	attachment_update	planned	Tool/API blocks must preserve exact commands, options, classes, methods, handles, file paths, call order, compile/link/runtime checks, and verification output.
S3-SCOPE-014	J017	S3-J016	P0	TOOL-046;TOOL-009;TOOL-010;TOOL-013;TOOL-015;TOOL-041;TOOL-048;TOOL-050;TOOL-011;TOOL-014;TOOL-043;TOOL-047	jdbc:Altibase://localhost:20300/mydb?fetch_enough=0&time_zone=DB_TZ;(database1:20300, database2:20300);setPoolable;100MBytes;TableauDesktop-64bit-2021-4-4;C:\Program Files\Tableau\Drivers;Shapefile;altiShapeLoader.properties;ssl_enable;binding	Question-specific missed critical facts in failed inventory; priority checks include TOOL-046 replication-state AKU facts, TOOL-009/TOOL-010 JDBC URL/failover facts, TOOL-013 setPoolable facts, TOOL-048 altiShapeLoader facts, TOOL-050 Tableau setup facts	GPTs/attachments/11_java_jdbc_spring.md;GPTs/attachments/15_migration_oracle_compatibility.md;GPTs/attachments/16_dblink_external_connectors.md;GPTs/attachments/17_kubernetes_aku_cloud.md;GPTs/attachments/19_spatial_nifi_tableau_misc.md	SRC-000008;SRC-000013;SRC-000014;SRC-000172;SRC-000177;SRC-000185;SRC-000195;SRC-000197;SRC-000226;SRC-000452;SRC-000473	SRC-000008/BLOCK-000919;SRC-000013/BLOCK-000924;SRC-000014/BLOCK-000925;SRC-000172/BLOCK-000574;SRC-000177/BLOCK-000502;SRC-000185/BLOCK-000561;SRC-000195/BLOCK-000876;SRC-000197/BLOCK-000931;SRC-000226/BLOCK-000878;SRC-000452/BLOCK-000826;SRC-000473/BLOCK-000562	KAE-BLOCK-000197;KAE-BLOCK-000208;KAE-BLOCK-000210;KAE-BLOCK-000221;KAE-BLOCK-000222;KAE-BLOCK-000227;KAE-BLOCK-000231;KAE-BLOCK-000244;KAE-BLOCK-000248;KAE-BLOCK-000249;KAE-BLOCK-000253;KAE-BLOCK-000274;KAE-BLOCK-000275	APB-000010;APB-000012;APB-000017	yes	attachment_update	planned	Connector/integration blocks must preserve version matrix, driver/package/class names, setup paths, migration caveats, third-party version prompts, and runtime-evidence stops.
